Apex radius,Equator radius,S_radius,Capillary radius,Drop height,image
169.9986801232016,1.1117733376696086,1.070596547385549,1.0000077640414469,2.3059002559073365,d-0-55.png
