Apex radius,Equator radius,S_radius,Capillary radius,Drop height,image
169.9986801232016,0.10000077640414469,0.04705918889606809,1.0000077640414469,2.3059002559073365,d-0-55.png
