Drop height,Capillary radius,R-s,R-e
2.3059002559073365,1.0000077640414469,1.070596547385549,1.1117733376696086
