Drop height,Capillary radius,R-s,R-e,Apex Radius,image
2.180421043252732,1.0432900687968767,0.9936095893303588,0.9328890033157258,181.15767191952187,d-1-55.png
2.22172408809444,1.0601120014257734,1.0319175333027475,0.9980841715551165,177.3397525423292,d-2-05.png
2.2381776137875256,1.06796292231486,1.0452403069464586,1.0225176915780574,176.03607397951714,d-2-55.png
2.239812751234216,1.0687431401828238,1.0460039244342532,1.0232647086856825,175.90756181867974,d-3-05.png
