Drop height,Capillary radius,R-s,R-e,Apex Radius,image
2.2619304412342895,0.9677626444774555,0.03435843708203984,0.08016968652475963,174.62959638336912,d-1-55.png
